33130	33	1	30	Yvelines, Val-d'Oise	48.804495	2.120865	Versailles	Yvelines
33134	33	1	34	Yvelines, Val-d'Oise	48.804495	2.120865	Versailles	Yvelines
33139	33	1	39	Yvelines, Val-d'Oise	49.035422	2.064680	Cergy	Val d'Oise
33140	33	1	40	Paris	48.853274	2.369609	Place de la Bastille	Paris
33141	33	1	41	Hauts-de-Seine, Val-d'Oise	49.035422	2.064680	Cergy	Val d'Oise
33142	33	1	42	Paris, Hauts-de-Seine, Seine-Saint-Denis, Val-de-Marne	48.940462	2.496932	Aulnay-Sous-Bois	Seine-Saint-Denis
33143	33	1	43	Paris, Val-de-Marne, Seine-Saint-Denis	48.746207	2.401023	Orly	Val de Marne
33144	33	1	44	Paris	48.853274	2.369609	Place de la Bastille	Paris
33145	33	1	45	Paris, Val-de-Marne	48.746207	2.401023	Orly	Val de Marne
33146	33	1	46	Paris, Essonne, Hauts-de-Seine, Val-de-Marne	48.433420	2.147091	Etampes	Essonne
33147	33	1	47	Paris, Hauts-de-Seine	48.891453	2.212933	Nanterre	Hauts-de-Seine
33148	33	1	48	Paris, Seine-Saint-Denis, Val-de-Marne, Val-d'Oise	49.035422	2.064680	Cergy	Val d'Oise
33149	33	1	49	Paris, Hauts-de-Seine, Val-de-Marne	48.891453	2.212933	Nanterre	Hauts-de-Seine
33153	33	1	53	Paris	48.853274	2.369609	Place de la Bastille	Paris
33155	33	1	55	Paris, Hauts-de-Seine	48.891453	2.212933	Nanterre	Hauts-de-Seine
33156	33	1	56	Paris, Val-de-Marne	48.746207	2.401023	Orly	Val de Marne
33158	33	1	58	Paris	48.853274	2.369609	Place de la Bastille	Paris
33160	33	1	60	Seine-et-Marne, Essonne	48.433420	2.147091	Etampes	Essonne
33164	33	1	64	Seine-et-Marne, Essonne	48.560090	3.010833	Nangis	Seine et Marne
33169	33	1	69	Essonne	48.433420	2.147091	Etampes	Essonne
33170	33	1	70	Paris	48.853274	2.369609	Place de la Bastille	Paris
33172	33	1	72	Paris, Seine-Saint-Denis	48.940462	2.496932	Aulnay-Sous-Bois	Seine-Saint-Denis
33173	33	1	73	Paris	48.853274	2.369609	Place de la Bastille	Paris
33174	33	1	74	Paris	48.853274	2.369609	Place de la Bastille	Paris
33175	33	1	75	Paris	48.853274	2.369609	Place de la Bastille	Paris
33176	33	1	76	Paris, Hauts-de-Seine	48.891453	2.212933	Nanterre	Hauts-de-Seine
33177	33	1	77	Paris	48.853274	2.369609	Place de la Bastille	Paris
33178	33	1	78	Paris, Hauts-de-Seine	48.891453	2.212933	Nanterre	Hauts-de-Seine
33179	33	1	79	Paris	48.853274	2.369609	Place de la Bastille	Paris
33180	33	1	80	Paris	48.853274	2.369609	Place de la Bastille	Paris
33181	33	1	81	Paris	48.853274	2.369609	Place de la Bastille	Paris
33182	33	1	82	Paris	48.853274	2.369609	Place de la Bastille	Paris
33183	33	1	83	Paris	48.853274	2.369609	Place de la Bastille	Paris
33214	33	2	14	Calvados, Manche, Orne	49.186522	-0.362674	Caen	Calvados
33218	33	2	18	Cher, Eure-et-Loir, Indre, Indre-et-Loire, Loir-et-Cher, Loiret	47.082081	2.399250	Bourges	Cher
33222	33	2	22	Côtes-d'Armor, Finistère, Ille-et-Vilaine, Morbihan	48.561706	-3.149863	Guingamp	Côtes-d'Armor
33223	33	2	23	Ille-et-Vilaine	48.115575	-1.675294	Rennes	Ille-et-Vilaine
33228	33	2	28	Loire-Atlantique	47.216362	-1.548903	Nantes	Loire-Atlantique
33229	33	2	29	Finistère	48.389975	-4.486567	Brest	Finistère
33230	33	2	30	Côtes-d'Armor, Finistère, Ille-et-Vilaine, Morbihan	47.748752	-3.369254	Lorient	Morbihan
33231	33	2	31	Calvados	49.186522	-0.362674	Caen	Calvados
33232	33	2	32	Eure, Seine-Maritime	49.024245	1.150882	Evreux	Eure
33233	33	2	33	Manche, Orne	48.605247	0.172969	Sées	Orne
33234	33	2	34	Cher, Eure-et-Loir, Indre, Indre-et-Loire, Loir-et-Cher, Loiret	48.447682	1.487813	Chartres	Eure-et-Loir
33235	33	2	35	Seine-Maritime	49.442496	1.100828	Rouen	Seine-Maritime
33236	33	2	36	Cher, Eure-et-Loir, Indre, Indre-et-Loire, Loir-et-Cher, Loiret	46.811422	1.686785	Chateauroux	Indre
33237	33	2	37	Eure-et-Loir	48.447682	1.487813	Chartres	Eure-et-Loir
33238	33	2	38	Loiret	47.902542	1.909385	Orléans	Loiret
33240	33	2	40	Loire-Atlantique	47.216362	-1.548903	Nantes	Loire-Atlantique
33241	33	2	41	Maine-et-Loire	47.469917	-0.559918	Angers	Maine-et-Loire
33243	33	2	43	Mayenne, Sarthe	48.305548	-0.621130	Mayenne	Mayenne
33244	33	2	44	Loire-Atlantique, Maine-et-Loire, Mayenne, Sarthe, Vendée	47.216362	-1.548903	Nantes	Loire-Atlantique
33245	33	2	45	Cher, Eure-et-Loir, Indre, Indre-et-Loire, Loir-et-Cher, Loiret	47.394951	0.681944	Tour	Indre-et-Loire
33246	33	2	46	Cher, Eure-et-Loir, Indre, Indre-et-Loire, Loir-et-Cher, Loiret	47.586507	1.333005	Blois	Loir-et-Cher
33247	33	2	47	Indre-et-Loire	47.394951	0.681944	Tour	Indre-et-Loire
33248	33	2	48	Cher	47.082081	2.399250	Bourges	Cher
33249	33	2	49	Loire-Atlantique, Maine-et-Loire, Mayenne, Sarthe, Vendée	48.009288	0.198854	Le Mans	Sarthe
33250	33	2	50	Calvados, Manche, Orne	49.186522	-0.362674	Caen	Calvados
33251	33	2	51	Loire-Atlantique, Vendée	46.670010	-1.427684	La Roche-sur-Yon	Vendée
33252	33	2	52	Loire-Atlantique, Maine-et-Loire, Mayenne, Sarthe, Vendée	46.670010	-1.427684	La Roche-sur-Yon	Vendée
33253	33	2	53	Loire-Atlantique, Maine-et-Loire, Mayenne, Sarthe, Vendée	48.305548	-0.621130	Mayenne	Mayenne
33254	33	2	54	Indre, Loir-et-Cher	46.811422	1.686785	Chateauroux	Indre
33256	33	2	56	Côtes-d'Armor, Finistère, Ille-et-Vilaine, Morbihan	48.561706	-3.149863	Guingamp	Côtes-d'Armor
33257	33	2	57	Côtes-d'Armor, Finistère, Ille-et-Vilaine, Morbihan	48.389975	-4.486567	Brest	Finistère
33261	33	2	61	Calvados, Manche, Orne	49.639288	-1.617193	Cherbourg-Octoville	Manche
33262	33	2	62	La Réunion	-20.889897	55.454647	Saint-Denis	La Réunion
33269	33	2	69	Mayotte	-12.819655	45.150549	Ouangani	Mayotte
33272	33	2	72	Loire-Atlantique, Maine-et-Loire, Mayenne, Sarthe, Vendée	48.009288	0.198854	Le Mans	Sarthe
33276	33	2	76	Eure, Seine-Maritime	49.024245	1.150882	Evreux	Eure
33277	33	2	77	Eure, Seine-Maritime	49.024245	1.150882	Evreux	Eure
33278	33	2	78	Eure, Seine-Maritime	49.442496	1.100828	Rouen	Seine-Maritime
33285	33	2	85	Loire-Atlantique, Maine-et-Loire, Mayenne, Sarthe, Vendée	47.469917	-0.559918	Angers	Maine-et-Loire
33290	33	2	90	Côtes-d'Armor, Finistère, Ille-et-Vilaine, Morbihan	47.748752	-3.369254	Lorient	Morbihan
33296	33	2	96	Côtes-d'Armor	48.561706	-3.149863	Guingamp	Côtes-d'Armor
33297	33	2	97	Morbihan	47.748752	-3.369254	Lorient	Morbihan
33298	33	2	98	Finistère	48.389975	-4.486567	Brest	Finistère
33299	33	2	99	Ille-et-Vilaine	48.115575	-1.675294	Rennes	Ille-et-Vilaine
33310	33	3	10	Ardennes, Aube, Marne, Haute-Marne	49.760539	4.721758	Charleville-Mézières	Ardennes
33320	33	3	20	Nord	50.630499	3.071503	Lille	Nord
33321	33	3	21	Pas-de-Calais	50.724812	1.613434	Boulogne-sur-Mer	Pas-de-Calais
33322	33	3	22	Somme	49.894356	2.295799	Amiens	Somme
33323	33	3	23	Aisne	49.847852	3.290069	Saint Quentin	Aisne
33324	33	3	24	Ardennes	49.760539	4.721758	Charleville-Mézières	Ardennes
33325	33	3	25	Aube, Haute-Marne	48.298068	4.076520	Troyes	Aube
33326	33	3	26	Marne	49.258080	4.031771	Reims	Marne
33327	33	3	27	Nord	50.630499	3.071503	Lille	Nord
33328	33	3	28	Nord	50.630499	3.071503	Lille	Nord
33329	33	3	29	Meurthe-et-Moselle, Meuse, Vosges	48.693530	6.183320	Nancy	Meurthe-et-Moselle
33339	33	3	39	Doubs, Jura, Haute-Saône, Territoire de Belfort	47.235868	6.026756	Besançon	Doubs
33344	33	3	44	Oise	49.417787	2.826156	Compiègne	Oise
33345	33	3	45	Côte-d'Or, Nièvre, Saône-et-Loire, Yonne	47.321823	5.041596	Dijon	Côte-d'Or
33351	33	3	51	Ardennes, Aube, Marne, Haute-Marne	48.114530	5.140429	Chaumont	Haute-Marne
33352	33	3	52	Ardennes, Aube, Marne, Haute-Marne	48.298068	4.076520	Troyes	Aube
33354	33	3	54	Meurthe-et-Moselle, Meuse, Moselle, Vosges	48.175306	6.450046	Epinal	Vosges
33355	33	3	55	Meurthe-et-Moselle, Meuse, Moselle, Vosges	49.158793	5.386576	Verdun	Meuse
33357	33	3	57	Meurthe-et-Moselle, Meuse, Moselle, Vosges	48.175306	6.450046	Epinal	Vosges
33358	33	3	58	Côte-d'Or, Nièvre, Saône-et-Loire, Yonne	47.257550	3.683304	Corbigny	Nièvre
33359	33	3	59	Nord, Pas-de-Calais	50.724812	1.613434	Boulogne-sur-Mer	Pas-de-Calais
33360	33	3	60	Aisne, Oise, Somme	49.847852	3.290069	Saint Quentin	Aisne
33361	33	3	61	Nord, Pas-de-Calais	50.630499	3.071503	Lille	Nord
33362	33	3	62	Nord, Pas-de-Calais	50.724812	1.613434	Boulogne-sur-Mer	Pas-de-Calais
33363	33	3	63	Doubs, Jura, Haute-Saône, Territoire de Belfort	46.672017	5.551372	Lons-le-Saunier	Jura
33364	33	3	64	Aisne, Oise, Somme	49.417787	2.826156	Compiègne	Oise
33365	33	3	65	Aisne, Oise, Somme	49.894356	2.295799	Amiens	Somme
33366	33	3	66	Nord, Pas-de-Calais	50.630499	3.071503	Lille	Nord
33367	33	3	67	Bas-Rhin, Haut-Rhin	48.573412	7.752873	Strasbourg	Bas-Rhin
33368	33	3	68	Bas-Rhin, Haut-Rhin	47.750123	7.336257	Mulhouse	Haut-Rhin
33369	33	3	69	Bas-Rhin, Haut-Rhin	48.573412	7.752873	Strasbourg	Bas-Rhin
33370	33	3	70	Doubs, Jura, Haute-Saône, Territoire de Belfort	47.619746	6.154245	Vesoul	Haute-Saône
33371	33	3	71	Côte-d'Or, Nièvre, Saône-et-Loire, Yonne	47.795984	3.570458	Auxerre	Yonne
33372	33	3	72	Meurthe-et-Moselle, Meuse, Moselle, Vosges	48.693530	6.183320	Nancy	Meurthe-et-Moselle
33373	33	3	73	Côte-d'Or, Nièvre, Saône-et-Loire, Yonne	47.321823	5.041596	Dijon	Côte-d'Or
33380	33	3	80	Côte-d'Or	47.321823	5.041596	Dijon	Côte-d'Or
33381	33	3	81	Doubs	47.235868	6.026756	Besançon	Doubs
33382	33	3	82	Meurthe-et-Moselle, Moselle	49.119799	6.176432	Metz	Moselle
33383	33	3	83	Meurthe-et-Moselle	48.693530	6.183320	Nancy	Meurthe-et-Moselle
33384	33	3	84	Jura, Haute-Saône, Territoire de Belfort	46.672017	5.551372	Lons-le-Saunier	Jura
33385	33	3	85	Saône-et-Loire, Ain	46.205173	5.225121	Bourg-en-Bresse	Ain
33386	33	3	86	Côte-d'Or, Yonne, Nièvre	47.795984	3.570458	Auxerre	Yonne
33387	33	3	87	Moselle	49.119799	6.176432	Metz	Moselle
33388	33	3	88	Bas-Rhin	48.573412	7.752873	Strasbourg	Bas-Rhin
33389	33	3	89	Haut-Rhin	47.750123	7.336257	Mulhouse	Haut-Rhin
33390	33	3	90	Bas-Rhin, Haut-Rhin	47.750123	7.336257	Mulhouse	Haut-Rhin
33411	33	4	11	Aude, Gard, Hérault, Lozère, Pyrénées-Orientales	43.211963	2.352992	Carcassonne	Aude
33413	33	4	13	Alpes-de-Haute-Provence, Hautes-Alpes, Bouches-du-Rhône, Vaucluse	44.093240	6.235264	Digne-les-Bains	Alpes-de-Haute-Provence
33415	33	4	15	Allier, Cantal, Haute-Loire, Puy-de-Dôme	46.124455	3.427965	Vichy	Allier
33420	33	4	20	Corse-du-Sud, Haute-Corse	41.919311	8.739035	Ajaccio	Corse-du-Sud
33422	33	4	22	Alpes-Maritimes, Var	43.696562	7.272240	Nice	Alpes-Maritimes
33426	33	4	26	Ain, Ardèche, Drôme, Loire, Rhône	44.406944	4.394418	Vallon-Pont-d'Arc	Ardèche
33427	33	4	27	Ain, Ardèche, Drôme, Loire, Rhône	44.933153	4.892166	Valence	Drôme
33430	33	4	30	Aude, Gard, Hérault, Lozère, Pyrénées-Orientales	43.836648	4.360295	Nîmes	Gard
33432	33	4	32	Bouches-du-Rhône, Vaucluse	43.295845	5.368003	Marseille	Boûches-du-Rhone
33434	33	4	34	Aude, Gard, Hérault, Lozère, Pyrénées-Orientales	43.611313	3.877104	Montpellier	Hérault
33437	33	4	37	Rhône	45.761398	4.814961	Lyon	Rhône
33438	33	4	38	Isère	45.186417	5.736328	Grenoble	Isère
33442	33	4	42	Bouches-du-Rhône	43.295845	5.368003	Marseille	Boûches-du-Rhone
33443	33	4	43	Allier, Cantal, Haute-Loire, Puy-de-Dôme	44.929961	2.445418	Aurillac	Cantal
33444	33	4	44	Allier, Cantal, Haute-Loire, Puy-de-Dôme	45.043072	3.883614	Puy-en-Velay	Haute-Loire
33450	33	4	50	Ain, Haute-Savoie	45.899281	6.129482	Annecy	Haute-Savoie
33456	33	4	56	Isère, Savoie, Haute-Savoie	45.564414	5.917806	Chambéry	Savoie
33457	33	4	57	Isère, Savoie, Haute-Savoie	45.186417	5.736328	Grenoble	Isère
33463	33	4	63	Allier, Cantal, Haute-Loire, Puy-de-Dôme	45.779840	3.086564	Clermont-Ferrand	Puy-de-Dôme
33466	33	4	66	Gard, Lozère	44.517703	3.498293	Mende	Lozère
33467	33	4	67	Hérault, Gard	43.611313	3.877104	Montpellier	Hérault
33468	33	4	68	Aude, Pyrénées-Orientales	42.687803	2.892785	Perpignan	Pyrénées-Orientales
33469	33	4	69	Ain, Ardèche, Drôme, Loire, Rhône	46.205173	5.225121	Bourg-en-Bresse	Ain
33470	33	4	70	Allier	46.124455	3.427965	Vichy	Allier
33471	33	4	71	Cantal, Haute-Loire	44.929961	2.445418	Aurillac	Cantal
33472	33	4	72	Rhône	45.761398	4.814961	Lyon	Rhône
33473	33	4	73	Puy-de-Dôme	45.779840	3.086564	Clermont-Ferrand	Puy-de-Dôme
33474	33	4	74	Ain, Rhône, Isère	45.186417	5.736328	Grenoble	Isère
33475	33	4	75	Ardèche, Drôme	44.406944	4.394418	Vallon-Pont-d'Arc	Ardèche
33476	33	4	76	Isère	45.186417	5.736328	Grenoble	Isère
33477	33	4	77	Loire	45.439933	4.387334	Saint-Etienne	Loire
33478	33	4	78	Rhône	45.761398	4.814961	Lyon	Rhône
33479	33	4	79	Savoie, Ain (Belley et ses environs)	45.564414	5.917806	Chambéry	Savoie
33480	33	4	80	Isère, Savoie, Haute-Savoie	45.899281	6.129482	Annecy	Haute-Savoie
33481	33	4	81	Ain, Ardèche, Drôme, Loire, Rhône	44.406944	4.394418	Vallon-Pont-d'Arc	Ardèche
33482	33	4	82	Ain, Ardèche, Drôme, Loire, Rhône	44.933153	4.892166	Valence	Drôme
33483	33	4	83	Alpes-Maritimes, Var	43.696562	7.272240	Nice	Alpes-Maritimes
33484	33	4	84	Alpes-de-Haute-Provence, Hautes-Alpes, Bouches-du-Rhône, Vaucluse	44.558740	6.079783	Gap	Hautes-Alpes
33485	33	4	85	Isère, Savoie, Haute-Savoie	45.564414	5.917806	Chambéry	Savoie
33486	33	4	86	Alpes-de-Haute-Provence, Hautes-Alpes, Bouches-du-Rhône, Vaucluse	43.949734	4.805692	Avignon	Vaucluse
33488	33	4	88	Alpes-de-Haute-Provence, Hautes-Alpes, Bouches-du-Rhône, Vaucluse	43.949734	4.805692	Avignon	Vaucluse
33489	33	4	89	Alpes-Maritimes, Bouches-du-Rhône, Var	43.696562	7.272240	Nice	Alpes-Maritimes
33490	33	4	90	Bouches-du-Rhône, Vaucluse, Gard (limitrophe Vaucluse)	43.295845	5.368003	Marseille	Boûches-du-Rhone
33491	33	4	91	Bouches-du-Rhône	43.295845	5.368003	Marseille	Boûches-du-Rhone
33492	33	4	92	Alpes-de-Haute-Provence, Hautes-Alpes, Alpes-Maritimes, Var	44.093240	6.235264	Digne-les-Bains	Alpes-de-Haute-Provence
33493	33	4	93	Alpes-Maritimes	43.696562	7.272240	Nice	Alpes-Maritimes
33494	33	4	94	Var	43.120401	5.932378	Toulon	Var
33495	33	4	95	Corse-du-Sud, Haute-Corse	42.697290	9.447492	Bastia	Haute-Corse
33497	33	4	97	Alpes-Maritimes	43.696562	7.272240	Nice	Alpes-Maritimes
33498	33	4	98	Var	43.120401	5.932378	Toulon	Var
33499	33	4	99	Hérault	43.611313	3.877104	Montpellier	Hérault
3358	33	5	8	Saint-Pierre-et-Miquelon	46.868087	-56.314606	Saint-Pierre-et-Miquelon	Saint-Pierre-et-Miquelon
33516	33	5	16	Charente, Charente-Maritime, Deux-Sèvres, Vienne	45.651435	0.152548	Angoulème	Charente
33517	33	5	17	Charente, Charente-Maritime, Deux-Sèvres, Vienne	46.159583	-1.151246	La Rochelle	Charente-Maritime
33519	33	5	19	Corrèze, Creuse, Haute-Vienne	45.159552	1.533826	Brive-la-Gaillarde	Corrèze
33524	33	5	24	Dordogne, Gironde, Landes, Lot-et-Garonne, Pyrénées-Atlantiques	45.183942	0.715768	Périgueux	Dordogne
33531	33	5	31	Ariège, Aveyron, Haute-Garonne, Gers, Lot, Hautes-Pyrénées, Tarn, Tarn-et-Garonne	42.967178	1.606296	Foix	Ariège
33532	33	5	32	Ariège, Aveyron, Haute-Garonne, Gers, Lot, Hautes-Pyrénées, Tarn, Tarn-et-Garonne	44.349443	2.574792	Rodez	Aveyron
33533	33	5	33	Dordogne, Gironde, Landes, Lot-et-Garonne, Pyrénées-Atlantiques	44.837187	-0.586527	Bordeaux	Gironde
33534	33	5	34	Haute-Garonne	43.604328	1.444144	Toulouse	Haute-Garonne
33535	33	5	35	Dordogne, Gironde, Landes, Lot-et-Garonne, Pyrénées-Atlantiques	43.890803	-0.501056	Mont-de-Marsan	Landes
33540	33	5	40	Dordogne, Gironde, Landes, Lot-et-Garonne, Pyrénées-Atlantiques	44.203117	0.616124	Agen	Lot-et-Garonne
33545	33	5	45	Charente	45.651435	0.152548	Angoulème	Charente
33546	33	5	46	Charente-Maritime	46.159583	-1.151246	La Rochelle	Charente-Maritime
33547	33	5	47	Dordogne, Gironde, Landes, Lot-et-Garonne, Pyrénées-Atlantiques	43.493345	-1.475380	Bayonne	Pyrénées-Atlantiques
33549	33	5	49	Deux-Sèvres, Vienne	46.324649	-0.465792	Niort	Deux-Sèvres
33553	33	5	53	Dordogne, Lot-et-Garonne	45.183942	0.715768	Périgueux	Dordogne
33555	33	5	55	Corrèze, Creuse, Haute-Vienne	46.168581	1.869464	Guéret	Creuse
33556	33	5	56	Gironde	44.837187	-0.586527	Bordeaux	Gironde
33557	33	5	57	Gironde	44.837187	-0.586527	Bordeaux	Gironde
33558	33	5	58	Landes	43.890803	-0.501056	Mont-de-Marsan	Landes
33559	33	5	59	Pyrénées-Atlantiques	43.493345	-1.475380	Bayonne	Pyrénées-Atlantiques
33561	33	5	61	Ariège, Haute-Garonne, Gers, Hautes-Pyrénées	43.646583	0.586261	Auch	Gers
33562	33	5	62	Haute-Garonne, Gers, Hautes-Pyrénées	43.233076	0.078104	Tarbes	Hautes-Pyrénées
33563	33	5	63	Tarn, Tarn-et-Garonne	43.932588	2.143272	Albi	Tarn
33564	33	5	64	Dordogne, Gironde, Landes, Lot-et-Garonne, Pyrénées-Atlantiques	43.493345	-1.475380	Bayonne	Pyrénées-Atlantiques
33565	33	5	65	Aveyron, Lot	44.349443	2.574792	Rodez	Aveyron
33567	33	5	67	Ariège, Aveyron, Haute-Garonne, Gers, Lot, Hautes-Pyrénées, Tarn, Tarn-et-Garonne	44.016117	1.352644	Montauban	Tarn-et-Garonne
33579	33	5	79	Charente, Charente-Maritime, Deux-Sèvres, Vienne	46.324649	-0.465792	Niort	Deux-Sèvres
33581	33	5	81	Ariège, Aveyron, Haute-Garonne, Gers, Lot, Hautes-Pyrénées, Tarn, Tarn-et-Garonne	43.604328	1.444144	Toulouse	Haute-Garonne
33582	33	5	82	Ariège, Aveyron, Haute-Garonne, Gers, Lot, Hautes-Pyrénées, Tarn, Tarn-et-Garonne	42.967178	1.606296	Foix	Ariège
33586	33	5	86	Charente, Charente-Maritime, Deux-Sèvres, Vienne	45.651435	0.152548	Angoulème	Charente
33587	33	5	87	Corrèze, Creuse, Haute-Vienne	45.826440	1.260360	Limoges	Haute-Vienne
590	590	None	None	Guadeloupe, Saint-Barthélemy2, Saint-Martin2	16.240998	-61.533525	Point-à-pitre	Guadeloupe
594	594	None	None	Guyane	4.938112	-52.335027	Cayenne	Guyane
596	596	None	None	Martinique	14.617338	-61.082493	Fort-de-France	Martinique
262	262	None	None	Réunion et Mayotte	48.931065	2.352349	Saint-Denis	Réunion
689	689	None	None	Polynésie Française (Moorea, Tahiti)	-17.537527	-149.565864	Papeete	Polynésie Française
1	1	None	None	États-Unis, Canada, Caraïbes (en partie), Bermudes (Chicago)	41.886263	-87.623443		
2	2	None	None	Afrique (Abidjan)	5.326495	-4.017257	x	
3	3	None	None	Europe (Madrid)	40.424594	-3.692322		
4	4	None	None	Europe (Berlin)	52.517139	13.379320		
5	5	None	None	Mexique, Amérique centrale et méridionale, Antilles (Rio)	-22.910088	-43.171660		
6	6	None	None	Asie du Sud-Est, Pacifique Sud et Océanie (Sydney)	-33.870812	151.205910		
7	7	None	None	Russie et Kazakhstan (Moscou)	55.732211	37.613674		
8	8	None	None	Asie de l'Est, Asie du Sud-Est continentale (sauf Birmanie et Thaïlande) (Beijing)	39.952967	116.468527		
9	9	None	None	Asie centrale et du Sud, Proche et Moyen-Orient (Beyrouth)	33.877247	35.508318		
